{"vel_mean": [0.00039619024722167855, -0.00012131738584890898], "acc_mean": [-2.242655651291912e-05, 3.912899873530921e-05], "vel_std": [0.5673608779907227, 0.5689722895622253], "acc_std": [0.9674450755119324, 0.9683471322059631], "bounds": [[-2.0, 2.0], [0.0, 4.0]], "sequence_length": 966, "default_connectivity_radius": 0.05, "dim": 2, "dt": 0.0025}