{"vel_mean": [0.0003961902402807027, -0.00012131738913012668], "acc_mean": [-2.2426556824939325e-05, 3.9128997741499916e-05], "vel_std": [0.5673608779907227, 0.5689722895622253], "acc_std": [0.9674450755119324, 0.9683471322059631], "bounds": [[-2.0, 2.0], [0.0, 4.0]], "sequence_length": 966, "default_connectivity_radius": 0.05, "dim": 2, "dt": 0.0025}